Reservation-id,Reservation_Status
62931593,
70586099,
4230648,
25192322,
80931528,
64700386,
16938050,
90487908,
5595445,
17502557,
92229895,
27386334,
76765181,
40697301,
63963888,
27282946,
8696141,
52621292,
21821230,
12316731,
93926052,
5935873,
56971851,
72701445,
27017349,
60891446,
27044174,
88238517,
61900789,
64883577,
55378041,
53798465,
60781799,
94752419,
60425470,
96410589,
41224708,
74972878,
50824748,
94524482,
32635033,
92183172,
28323092,
86372652,
19585428,
42025914,
85872241,
16826564,
80812644,
64063500,
39990516,
71506176,
70061836,
25308221,
75655661,
41754532,
87457897,
33332229,
43160739,
76748822,
35120015,
40281701,
27470890,
18603967,
65425620,
42460243,
2260132,
20252884,
15834405,
90882609,
76274266,
13465422,
4154680,
4039529,
6464114,
21522961,
25365627,
22773391,
14737797,
39495485,
69167054,
46999433,
23730056,
65593958,
1794817,
568595,
25540175,
84281735,
43117940,
61747940,
83033730,
50132508,
91149643,
22294408,
83629935,
90562901,
23362123,
25574994,
96601070,
9849013,
61268622,
71369022,
56819796,
44480838,
46997829,
19493041,
44705080,
68317504,
99142742,
10932581,
34186149,
14986967,
75352672,
73587761,
24225853,
31053495,
7544562,
84009718,
12848784,
22206000,
71645476,
63933616,
98523961,
48949293,
54039707,
74268516,
61747586,
73468379,
11357536,
57315445,
98107193,
36317156,
87140045,
3858417,
3484037,
22152722,
57476767,
76342541,
45672997,
56546990,
95346355,
33870599,
48651179,
66744667,
33429510,
29185964,
22782756,
93139781,
40786744,
6137983,
44476577,
451424,
36633039,
59841829,
86808792,
44607177,
94259414,
93524061,
40513594,
97015202,
94354381,
49608182,
12910803,
7510007,
81843718,
2368054,
38850660,
86780562,
80159546,
31891030,
65616811,
50402056,
60253225,
58193137,
10638256,
89721533,
39259056,
81117513,
62838233,
16279861,
81200609,
67118671,
49644870,
50082265,
20794778,
73042352,
18409964,
70788551,
42004070,
34115215,
84539295,
60111231,
56321763,
17905639,
52664408,
98921286,
46096867,
51499029,
9425826,
61763538,
68767075,
24065252,
56151689,
95687144,
51881559,
32939582,
269319,
87676829,
77358652,
92544167,
87927325,
38001139,
4542842,
70512641,
52717568,
67352978,
4734692,
83194140,
93223407,
65758952,
91585570,
59665742,
17786035,
74306619,
44014777,
88020741,
56480485,
36492621,
72255960,
96786267,
36743163,
61808366,
4084643,
55305311,
6656692,
35268612,
30099568,
49913126,
81650927,
47515896,
21898328,
73043218,
65630542,
63409154,
25080457,
19836054,
83975325,
15293012,
78131327,
38344172,
15136951,
95066467,
69364978,
83076151,
45815750,
28146454,
35190891,
46923817,
9659883,
19358187,
45244301,
7243540,
37331725,
43649142,
67311265,
97787496,
68829691,
14898599,
2208574,
85411428,
92473170,
24920269,
82468346,
61464854,
64260613,
58562037,
47934607,
18473518,
6174918,
92692764,
28515154,
50675442,
53261183,
62286239,
6723048,
11135004,
93506333,
12386368,
3680052,
63716527,
12431258,
12946891,
38282546,
19585385,
61708136,
36684071,
92236537,
7934880,
52580122,
33053296,
26818960,
80423078,
4535931,
48747739,
43683213,
5025557,
53985327,
92923307,
88450074,
72110617,
97619755,
9236843,
47095080,
87587990,
82451090,
25553539,
60362942,
35025933,
46262420,
54353311,
45625478,
22498134,
38550520,
59567899,
85263081,
86272483,
77150487,
2718958,
86529128,
63593222,
97907044,
57117704,
34139728,
69755703,
50295425,
489569,
20460868,
34146657,
44442423,
61735297,
16238707,
98540026,
16232630,
88794796,
52604895,
92337882,
9201042,
91836596,
16527896,
41614945,
29951275,
75058864,
95310373,
73653384,
32004848,
53583531,
58034214,
98233510,
4454983,
672637,
68525273,
21361529,
67048647,
67690197,
61528433,
97727786,
37595100,
6302097,
69754182,
72259602,
3641848,
32731707,
3556731,
60940241,
93897474,
65715013,
82670065,
98928971,
9907656,
52294619,
82509446,
14366947,
86425434,
38431913,
84678556,
26967757,
30037430,
10378995,
65525448,
79897767,
738956,
52312220,
12973691,
1136559,
85771728,
83911057,
78641911,
56483609,
97270148,
22744114,
3477007,
11471017,
65751836,
78283725,
68656076,
34125677,
29373913,
32247205,
70741695,
74248187,
92259027,
3596204,
23506394,
65045531,
98577176,
59986478,
94955605,
35655135,
23663674,
99664548,
59855510,
18969348,
26265371,
55750229,
89602422,
90783462,
34300225,
46903391,
80155697,
27662142,
6222390,
85524525,
37480007,
55428598,
65797493,
20061960,
47199087,
10260418,
9746752,
67139468,
60634871,
53819054,
89830064,
33243297,
34890362,
35896451,
34911706,
25998722,
97178538,
649124,
61367175,
17460804,
85973647,
44925821,
42420723,
69893288,
31899876,
62575378,
63669387,
55667532,
70405950,
38224976,
90491030,
72970791,
40483145,
87800461,
94525681,
93422353,
39341346,
65817461,
81624414,
49497444,
1164005,
85925462,
91210577,
90397982,
79389419,
32941111,
86861463,
94442457,
38607749,
70560954,
29388468,
84899203,
22945006,
30689639,
61622598,
95414443,
43581896,
86078165,
77062771,
84263576,
12584187,
11256358,
9122782,
43778704,
17470915,
65940919,
25192909,
40113251,
27380459,
93153045,
71846686,
4363902,
89617312,
77224569,
60284929,
89154977,
38987701,
60529273,
80988629,
95564150,
23565115,
71925855,
56594943,
62896128,
320974,
61945559,
51102079,
17944404,
74097915,
72961577,
9406065,
31712999,
772477,
40876045,
15525680,
1220121,
66373347,
77485565,
1709337,
78783753,
36118674,
16034345,
95411958,
65283644,
65974018,
97308841,
94035715,
2780702,
57537559,
51223964,
47840681,
67776455,
89529997,
57812290,
94519587,
79663212,
54828270,
74811794,
83345601,
56570387,
95026867,
51381402,
58074618,
45015777,
20609696,
53246505,
17367864,
78968593,
75176421,
61418404,
85020961,
91920213,
20137143,
32345779,
34956784,
73216190,
81278503,
76449258,
39481842,
59827519,
47252802,
35043113,
24583080,
73050389,
72460331,
76872180,
2132883,
24137681,
91676758,
51264056,
34657093,
82768374,
62247784,
9209094,
8727009,
99694281,
75890985,
7334404,
69203107,
15049567,
40660103,
84200991,
68582654,
78684562,
2255268,
16921933,
63837732,
4731034,
2823450,
65338348,
70252390,
68425557,
35313163,
90162894,
22124694,
93127191,
66087258,
99927089,
66271439,
33981655,
45405102,
74623799,
45329763,
40057073,
98869764,
63689535,
40679347,
10231015,
4768008,
84146039,
58162426,
72961971,
89192605,
29711403,
38619269,
18739601,
67221043,
30962836,
57123141,
64247976,
32539333,
71881293,
4498414,
30658759,
50848259,
42166026,
60918816,
8554259,
79685291,
18061332,
34182637,
20209689,
70923481,
53176772,
57825978,
76289146,
70522186,
79469857,
56567337,
65100356,
67322260,
84520269,
31754068,
80079409,
88645371,
72759458,
26478361,
84805785,
54353676,
42664865,
68053239,
19544177,
2042510,
16366144,
12280716,
64301770,
75984731,
71615098,
82440114,
3633598,
28676460,
25997925,
13468858,
76193682,
15938319,
26316748,
69906105,
99146661,
5100624,
51555503,
23378791,
10181515,
25247938,
66900837,
50504572,
86339920,
84106109,
27926291,
24563762,
26614815,
57297857,
38096780,
24372436,
85819413,
91042702,
68953549,
44390749,
29163663,
24744742,
99742323,
3494637,
46430910,
87687863,
36272486,
89842859,
75033128,
27927711,
33515702,
63063406,
31874018,
2474153,
96647907,
78617449,
56358558,
48419566,
13868313,
50918269,
1097513,
7640295,
73305940,
25777461,
69099321,
77466976,
76053774,
96792780,
98761627,
73437079,
90953434,
60335743,
78402237,
47994902,
15981661,
93844687,
84852694,
48273730,
64483572,
57590463,
2516360,
16393790,
42746498,
6013315,
20914768,
29868001,
82789513,
91924362,
59292493,
54269093,
80007056,
91930301,
71591534,
61340580,
17562504,
11362956,
34700604,
41874714,
81399524,
244000,
65102091,
96681770,
3042934,
10668465,
12693432,
84215591,
80554215,
5322069,
32202952,
38282132,
78657053,
73222811,
91388609,
83226738,
32597237,
77491577,
64627593,
83467621,
39378946,
30573845,
76301539,
15413452,
59474405,
18401635,
76529547,
7379978,
12870914,
38688367,
51572415,
61096650,
84100297,
66660796,
82925803,
49009601,
80720138,
82681968,
46283531,
36192374,
87846915,
964706,
95722773,
13090702,
92563485,
44574975,
62829280,
2519077,
52702877,
11817789,
21486995,
82240870,
81843608,
27177544,
90373160,
84805472,
90287000,
6372131,
45982138,
32649490,
52362704,
74782301,
88582394,
5778999,
99865370,
56993732,
58545933,
68090145,
82015514,
73986568,
41768772,
8639098,
71066522,
66271696,
60976249,
88813842,
45257482,
45205638,
70883085,
73940542,
9181036,
53524606,
77246132,
37867080,
99805169,
50339108,
44021654,
8853439,
11103245,
22592855,
71025964,
65651720,
24262834,
33720048,
68422365,
86629674,
33621396,
53001947,
99468721,
13977094,
97698460,
88107235,
32880915,
94103059,
23934717,
64829276,
29933861,
30948732,
94698701,
35653219,
87537168,
68550289,
22356627,
95289606,
91802072,
89261512,
56446220,
54890181,
95094327,
80509987,
74754942,
67380812,
99756896,
2430028,
77648216,
83191944,
17684010,
29226178,
99708842,
69210554,
33465549,
81670375,
23380975,
69729338,
89183454,
75878079,
36265195,
32969255,
28930887,
50815091,
1881274,
1155758,
64172176,
29271830,
91401105,
78336302,
34951489,
63801194,
89966347,
10808461,
4406534,
7602665,
40660488,
93569363,
42802734,
19595191,
95357202,
83609095,
67585602,
95974371,
9625508,
38099293,
72649830,
14660067,
41232727,
23402166,
4984128,
21210426,
41447112,
60634462,
8234321,
21742258,
255736,
87479737,
44802651,
6301724,
7975341,
3863462,
20779713,
72020813,
10459657,
69510797,
61443270,
47713030,
61438557,
39523483,
60959311,
68800796,
30713627,
3141740,
44778691,
40673727,
86740083,
45058735,
50054962,
66661559,
11384099,
1624305,
97629136,
12775174,
68109958,
98499290,
82624659,
20472760,
87054305,
18197773,
442773,
39873114,
92146832,
87410502,
79043692,
54551201,
40962670,
59372611,
1482209,
86239976,
82771697,
39319078,
24387898,
6229724,
28534345,
51997718,
19167171,
61117547,
64788698,
12960669,
11787022,
34818088,
67165469,
67459890,
65155373,
48498201,
92165704,
33247236,
46678262,
63491163,
47950865,
68385398,
22697348,
66088269,
57011312,
3061001,
25175876,
12286644,
53403546,
30929972,
42702118,
9235904,
43987683,
13579467,
1829883,
88992850,
6830595,
19915866,
41278258,
80670693,
75433844,
4318167,
25692244,
56763048,
94230735,
18759065,
39385054,
39295632,
29101448,
23973990,
33218331,
77697751,
52593494,
72754167,
29525359,
87476952,
59685178,
81641413,
79100181,
95245839,
22640274,
46795646,
68422702,
97204913,
95444147,
322633,
98072286,
21107683,
71511156,
46335826,
68398987,
8987123,
12827854,
43711013,
79780211,
31267900,
99850766,
52418975,
65554993,
41176381,
21483630,
46162917,
12828035,
22687237,
8108399,
94112231,
97245300,
82029052,
43272362,
69999465,
74302517,
57351878,
15577242,
82280845,
3326101,
32240604,
54139621,
80424676,
47831746,
70681972,
26551703,
100679,
85458407,
76449238,
19023443,
97569024,
31790666,
96561506,
70812048,
70771145,
85065167,
58312846,
85446936,
18683134,
37261811,
48590326,
90511459,
88402771,
18609405,
70536512,
48723766,
71682104,
84472884,
94540524,
20081672,
90498156,
39862102,
2986513,
71020923,
11050974,
73947319,
25148166,
26200175,
63700293,
65966555,
73094116,
94797207,
41802714,
25360364,
62913302,
48317204,
11679216,
344030,
26342770,
2130705,
47654490,
21859676,
9377354,
57546978,
7190821,
14372532,
69350556,
40747350,
64810591,
41043772,
21753367,
80434987,
37868684,
51249933,
80359817,
49489899,
23216017,
88072468,
23142597,
81007808,
54623562,
18324699,
75498272,
1168199,
47904671,
55625010,
93802723,
60312495,
27958779,
54691652,
146559,
63061351,
34952205,
35587413,
92386141,
68007883,
57477534,
7771634,
60610853,
64099015,
48980211,
53361809,
72565508,
33983544,
76884064,
26480449,
36637637,
55159501,
62075452,
96603700,
58434136,
50250520,
8551884,
85496242,
60183897,
23295227,
31423767,
64465482,
78474247,
62561054,
10245009,
80245871,
79192194,
5827840,
48867091,
67906642,
26314538,
72862999,
71352584,
54379534,
32829294,
20971718,
44936084,
16012987,
71421587,
96874644,
25404551,
91368194,
25128592,
39421277,
83073780,
72464404,
69692541,
26635402,
45065812,
10977469,
90675225,
28449927,
24375409,
27550950,
49442899,
52865393,
26100559,
98967268,
33902173,
51494485,
12503686,
97884772,
12243817,
17410417,
77507446,
46167372,
41551935,
15561096,
64106937,
86772355,
91274201,
99710889,
30492803,
74914286,
31427936,
20205577,
78337063,
22339600,
19874078,
56326367,
46598038,
65740316,
40028177,
75646514,
5152643,
1105612,
66485161,
76426906,
44654410,
90528802,
12965017,
49823963,
57078122,
49531178,
61878166,
33810479,
73771918,
38371274,
91007713,
59377797,
77291288,
22691991,
11024543,
55315656,
59995428,
43061646,
34458985,
81263177,
86380742,
32894739,
11831033,
9536552,
65456983,
77304094,
51453126,
89330598,
45527180,
23711406,
18858868,
59430808,
43117469,
53807169,
23758133,
56271369,
75383675,
15776314,
7353440,
50671309,
16988296,
59097958,
68141368,
41782313,
37579960,
13925964,
76438193,
17183138,
92185592,
86429823,
33147964,
81894339,
51268497,
1387022,
93019323,
97808763,
89514467,
66229306,
94180843,
84993696,
98839800,
385120,
87732768,
92762969,
83085916,
10618184,
26680071,
12981748,
59549278,
9526815,
81392523,
60572413,
39246430,
3094636,
20506586,
69117467,
69787976,
81349158,
51743437,
49476942,
71839850,
89341744,
93008272,
2219837,
41751726,
66838564,
6724635,
2241902,
86151761,
80147569,
7101365,
44511291,
88079653,
52865260,
33218313,
34824911,
58810231,
58130671,
85207721,
93964114,
59789215,
4649037,
58358126,
4650785,
44716312,
43314265,
12961368,
64349345,
4588276,
62187682,
65922130,
56454382,
15154520,
73935467,
32794287,
71999295,
59532442,
6634001,
14908846,
30991152,
21915580,
88370208,
46845932,
94592577,
8139697,
48116251,
29726119,
98939344,
23964548,
36722406,
82038699,
21051428,
37198035,
73884821,
66522950,
80729114,
60290818,
84211221,
93372712,
26270930,
25714167,
48131698,
56723341,
73052957,
83968500,
29536498,
41275836,
62914733,
12030000,
10180058,
2712446,
46374832,
6155515,
77919222,
67485233,
32731314,
49308675,
13300044,
97331668,
57298799,
95496525,
48044351,
10344640,
1860691,
30032094,
52576883,
83216764,
21313241,
75104688,
26077976,
56731782,
11755297,
3995196,
55448267,
63331247,
423519,
92672803,
41823717,
15869969,
61297830,
13844550,
45326867,
48394298,
69388614,
5166281,
39154996,
834471,
10032261,
76697462,
12103210,
59820162,
12266886,
54070340,
96352434,
35245843,
87923139,
56960414,
96042376,
4577940,
91978599,
22850339,
94106138,
7684286,
70709751,
8399281,
99113400,
22778822,
16044174,
41842808,
22463820,
77617534,
47527250,
27900391,
98411832,
67344420,
67746547,
43473465,
95756858,
87840884,
10958598,
75104092,
25633505,
22101459,
76431464,
38684336,
92476858,
45200833,
88957616,
57085019,
38696010,
2798037,
54374290,
37171306,
27965213,
536219,
69557488,
92635162,
55668964,
77747162,
77213711,
50413354,
46148474,
30884270,
45601437,
38810153,
90947336,
64809030,
47504653,
85537455,
64805405,
13543115,
6450455,
71846898,
25442004,
46009929,
99982225,
2293656,
61097617,
53979776,
18055208,
30723442,
34210726,
62585112,
57055232,
62074286,
55645316,
2221573,
11628282,
52522070,
99051077,
7576530,
68285617,
22876778,
30772530,
28027298,
54822029,
12402536,
42883842,
29453719,
99528131,
15938091,
68333080,
12447784,
6280972,
62412818,
46733506,
18609182,
51293574,
16841366,
24341514,
92081153,
2982616,
78317376,
26590311,
9222955,
84792801,
72211200,
98482889,
74399157,
9784901,
84087248,
2466496,
5798406,
10805856,
74038897,
76166687,
70256430,
99539532,
27774731,
83108063,
6453675,
70095267,
10866821,
42285667,
6541697,
298258,
94997431,
68526693,
64493971,
35060342,
63755975,
30597945,
59019732,
54874457,
54153141,
16928467,
78017410,
24066672,
11344846,
47718960,
18063859,
48947279,
73170938,
35679838,
38262540,
22808223,
54960834,
8615769,
15612750,
35364024,
82832190,
5851697,
83584833,
71309814,
63792048,
21168262,
55655549,
91294583,
65487723,
85150317,
37320281,
69474947,
78619486,
85348285,
14680676,
63111394,
76479422,
31645350,
78326224,
90661793,
25838820,
98918449,
60333915,
74267204,
97374427,
79409258,
48860043,
30125722,
5207284,
76354945,
78016591,
47661716,
66083124,
21201121,
42701655,
70452869,
99599082,
41421084,
70476396,
39944616,
18432525,
73203994,
26615892,
35122476,
4882237,
21645389,
83031683,
75054217,
70316383,
58509971,
72766823,
30963900,
67478845,
15271098,
67570740,
83674014,
7307988,
97205512,
49059940,
63290286,
48293717,
79607632,
49317412,
55594999,
44074683,
49344213,
36336995,
11853594,
91734377,
20227183,
1265547,
51735086,
87646214,
95376728,
37469563,
37633288,
18228713,
55647895,
38157546,
97318445,
82754814,
33911269,
75188130,
61833829,
40313708,
48031238,
11834483,
22731352,
52792899,
45638406,
16961545,
9528344,
60252468,
97393857,
69172836,
92622070,
42478621,
72967028,
95075959,
21543690,
83646596,
84621589,
78623723,
54339997,
53359936,
52499554,
32754623,
51605539,
52547915,
80338288,
94586433,
80916902,
99259352,
80523635,
47232512,
3843255,
7628369,
84297555,
20086711,
8245282,
65627144,
81225306,
71797829,
91683299,
4440528,
55454923,
61081612,
83804555,
95319204,
49618143,
78710175,
96462721,
69441406,
47358170,
21007556,
74220194,
86167775,
74789631,
26698230,
98365493,
1623211,
30332079,
79247958,
6146859,
87000052,
76695249,
29713558,
9907801,
9317491,
25780833,
21098527,
85936303,
37055225,
64574136,
60991661,
26136545,
95327958,
79736508,
7734288,
72492324,
38294195,
19164874,
85685705,
32601571,
82920139,
71071216,
31439444,
71728834,
67895136,
94618632,
26641241,
97765897,
67462384,
92843509,
47546011,
32481134,
19037297,
6867527,
18738048,
91247576,
28348117,
14776929,
88946501,
60198776,
46882893,
32891408,
83953970,
50560181,
52490175,
31978954,
92943593,
77390700,
79076594,
8334519,
81577179,
8584289,
11599120,
45473652,
5909549,
49689234,
37334356,
48431379,
90897814,
13411865,
81303565,
84587880,
53849700,
76739157,
35894492,
15576528,
37326239,
21551504,
20748907,
87138372,
66875030,
12482222,
30603259,
16621201,
49459908,
65324279,
44524349,
68518967,
67638190,
28701425,
31825028,
50781984,
57645092,
60731930,
1049488,
93125226,
47779427,
23910370,
95762631,
51245266,
31656607,
39233359,
45217885,
90697590,
17473992,
65377461,
16315798,
97368251,
55295718,
26941717,
16214362,
48306430,
66830972,
65237582,
61940550,
1384720,
51845553,
30442529,
19693266,
25532421,
78552256,
27935584,
37133968,
75078090,
46138443,
90018189,
75038038,
13666585,
48146893,
48234921,
73228748,
62956131,
95425926,
24147362,
80924116,
4431018,
89126590,
76107510,
19447668,
28032096,
98154983,
16442638,
21374488,
20352990,
62553001,
17358202,
82328228,
32732253,
44499858,
92341843,
38093978,
24552370,
83651671,
13648146,
7952936,
90405063,
71365967,
86538332,
13639344,
68492935,
22308123,
27430394,
16523014,
99727808,
15228342,
8753114,
25464158,
74042706,
87651378,
48230750,
9429360,
89908453,
59779632,
53634788,
86158783,
72671408,
95379227,
98705794,
23773248,
53558353,
62812607,
8662623,
57729089,
30172004,
68318,
78725187,
42471625,
92539534,
27777100,
49896464,
49627174,
63452695,
11839133,
60252383,
28203548,
52145976,
96245471,
85619324,
22689905,
82119035,
5613791,
2790403,
15246210,
56761077,
35673687,
34662730,
7891943,
56720001,
36833630,
35333204,
32631580,
1241907,
23434367,
90964626,
85846294,
14411182,
43504013,
67541827,
76235501,
60141508,
58831831,
59293650,
32836106,
17183168,
35902527,
21646184,
40824343,
22052744,
64189516,
56300692,
93449150,
79235295,
21613979,
55967964,
29913598,
93742460,
66606126,
95367563,
87162513,
92526335,
8076511,
73847953,
47385700,
77966835,
37579215,
26243545,
21812269,
6409114,
57392971,
19767398,
74060235,
28124818,
59580432,
62540637,
7264169,
5706435,
66555318,
95070625,
54944571,
45080277,
40542724,
7274014,
70068622,
31012066,
21220589,
85837267,
36695999,
42331245,
67143963,
82558546,
46947074,
81821726,
88317524,
60382297,
81119941,
57582771,
85868552,
40289722,
6666823,
11419979,
23989351,
86757901,
15881609,
82764348,
43713979,
11630234,
10541829,
36609272,
84098506,
21494125,
58302950,
99413607,
19139587,
14888385,
27094493,
45385947,
43085117,
7364514,
77274278,
22997376,
17609344,
83192976,
57651929,
61485968,
3010978,
13423022,
17963529,
39614885,
74112796,
99961316,
25328768,
74919823,
14077765,
66663224,
11924996,
85784923,
55834534,
21059575,
39641094,
91483981,
95837906,
99115384,
2807494,
24671722,
37407407,
75873152,
81972360,
39205253,
70090390,
69060786,
41876769,
8660729,
30724993,
54740023,
18875352,
75507333,
42531222,
40092495,
52686791,
85760116,
31854060,
22982993,
33090365,
89945473,
32184517,
90067568,
34291467,
94509732,
96965810,
36949796,
70461460,
54763754,
42329401,
51368911,
42331920,
92432382,
78524118,
31843079,
42704518,
63345571,
4855164,
71229894,
33514337,
52000526,
52287951,
88808150,
2830269,
80494453,
32905391,
92326050,
84380901,
97127845,
34116454,
32647014,
55240625,
82651375,
43453111,
6771023,
3354403,
92039626,
91014705,
41921834,
8901216,
23480543,
63573419,
13346059,
35396924,
48803735,
87535107,
90563621,
567520,
86593443,
47611611,
39863741,
28568441,
38932769,
28495940,
77641549,
36314529,
33787722,
50189940,
56602311,
48354691,
33053560,
83915119,
36945931,
88936756,
1737355,
94036739,
32814808,
98233883,
75178481,
52950446,
10267064,
16186505,
51581940,
93630028,
2599721,
63215234,
90363870,
70218719,
52614588,
94093356,
40228729,
69047112,
68580741,
6404502,
1582051,
18945676,
75269287,
46295940,
21736444,
43740135,
82181502,
55548773,
22809172,
54371670,
95356183,
25490845,
68109512,
69231911,
48317103,
94286691,
72398284,
79470190,
70340980,
16520129,
21401468,
5176392,
96623093,
45647795,
29061949,
66630075,
36625655,
53404048,
50306620,
87915215,
11012785,
55035543,
90972458,
58635173,
6761650,
38171346,
33900019,
80248967,
9149580,
58739528,
62774962,
93821649,
69858344,
60330243,
18023232,
44811514,
89096698,
32015244,
41124676,
9452383,
3930633,
55306217,
80554370,
1331314,
61471691,
20764931,
80848701,
87735680,
13619724,
6969326,
97817763,
23242377,
41132575,
74359998,
54053297,
3875231,
96304410,
6448686,
42094348,
82163596,
6520839,
54519834,
80593075,
94119065,
7178635,
45478068,
82038862,
75845281,
21160037,
91041527,
20233226,
60145766,
70410069,
45235935,
67835297,
76100039,
35209776,
15625213,
99133983,
28951321,
69156739,
15507498,
76547659,
96357259,
99559083,
821376,
67772944,
25442545,
15246701,
21540236,
40945273,
88171283,
13918399,
60156469,
21116630,
72833095,
43414875,
94132784,
96385717,
67103292,
59514237,
2761985,
2933606,
62686912,
56910850,
82119637,
64336892,
28127237,
94622531,
8278097,
29401477,
71789602,
50482646,
16482466,
58855971,
44548213,
78789377,
40806438,
57225981,
47419937,
20930826,
28640493,
63284313,
34084210,
16599563,
67413491,
46031389,
20611469,
7632520,
74186254,
28611959,
53978907,
77208177,
2860306,
94469494,
66634626,
83613144,
17791372,
99093252,
95980896,
30462130,
24922413,
36220497,
40943888,
53149506,
58929848,
35680213,
69625514,
40665326,
99540478,
91191393,
16816082,
5736450,
99983667,
4573733,
78517972,
80964309,
21330207,
63664612,
16986311,
70505396,
55367030,
86896833,
33956778,
44554348,
46230473,
37578108,
30661471,
7221301,
94435519,
30748418,
23437956,
50323599,
32843248,
45793593,
15887185,
66012657,
23681376,
85736996,
60720276,
17163674,
72936496,
54626390,
34419765,
17888117,
60864650,
23042887,
66433974,
666132,
59215945,
32605634,
30936101,
39784316,
33625952,
11936177,
65030844,
97446206,
86595261,
38737039,
70852148,
80389421,
36706344,
29936957,
27172170,
74459820,
51087244,
66027714,
85208762,
51785456,
32722328,
53737487,
80639834,
68245487,
45713644,
49937267,
78411646,
72897675,
33842057,
12702180,
38717177,
89433940,
54021904,
69967622,
60291591,
84433888,
15702164,
76065213,
39521489,
5998494,
41320514,
75834254,
59628430,
28673384,
4369827,
29257603,
84946359,
70876117,
21456165,
54804465,
73843827,
54150702,
98786540,
11766725,
77808399,
65907427,
41854541,
74896913,
48296501,
11020388,
19072516,
12418634,
96392114,
70232648,
75735531,
69175215,
47877428,
30357650,
68627965,
15521597,
19376527,
84105893,
74018757,
95410517,
16062235,
94655044,
94502519,
4385357,
96557505,
19461767,
47535626,
65285406,
48190646,
28069446,
49236600,
9369840,
72920145,
89827902,
56418668,
83778742,
26336774,
46617747,
37919284,
24679238,
95040271,
3876164,
99385590,
72598452,
38785514,
8257569,
71389331,
76261387,
16719556,
32663506,
90257774,
23296133,
23809941,
5217889,
95524050,
36926571,
71067545,
53353292,
96189027,
37164880,
59214795,
24336138,
75351540,
15899310,
72560627,
53050317,
25417262,
91739069,
54360132,
90654567,
19029978,
11189790,
47205081,
91546337,
48826872,
29043136,
47965107,
64278704,
17985203,
12983207,
29373373,
36687931,
81459626,
27108493,
71111440,
88803149,
84723394,
53732246,
31004904,
7517295,
53894059,
55552644,
57420976,
40399457,
54607373,
11044554,
89259368,
68684345,
88268647,
24760448,
46171023,
2870792,
30677082,
15540089,
73757245,
1462177,
18793172,
83963841,
66313022,
85009039,
51880016,
16414600,
4928450,
5176461,
19719003,
74421482,
68052061,
80511705,
83868873,
31874437,
66532704,
5602531,
33524206,
33562366,
43782499,
22961342,
1941539,
85598872,
60726824,
66946104,
22044835,
48299101,
75539291,
28337143,
42237261,
51245683,
71353816,
70307748,
34931226,
32634125,
1680848,
7153963,
47079899,
54604267,
5161606,
24585612,
45416884,
59234068,
30671382,
37913197,
63125443,
62730966,
99074318,
64157734,
82580400,
74777460,
34959687,
3697070,
37974333,
52527664,
78007563,
24493315,
1817674,
88210355,
46572024,
8178372,
86723970,
40426530,
48070965,
94274354,
51119810,
48434972,
4635676,
9897969,
29897604,
70464681,
27707783,
67851211,
22100032,
81871701,
74459603,
78061498,
30487379,
49624866,
84566653,
3981304,
71821319,
41811970,
72473363,
16773311,
58747197,
2702381,
71370007,
88510220,
18890240,
74665912,
35787620,
41768326,
25425435,
26302860,
79440276,
75379447,
50589132,
66286173,
25918619,
3445810,
50912194,
29642533,
14926974,
3570329,
31220447,
4740795,
9401922,
51697178,
94610318,
65499556,
25508651,
59412156,
63365535,
27600896,
63494858,
83635828,
39562102,
48355423,
6640212,
50916685,
80050598,
89605726,
89469436,
85611729,
71951116,
11102949,
23910849,
86405278,
43508845,
36008287,
58474241,
30992036,
3381629,
60974504,
86890539,
43252131,
13788744,
52978650,
4126993,
59852160,
70040292,
31657072,
96054174,
98420696,
37537421,
6959951,
51755164,
73363323,
84578425,
80382754,
89084501,
81274869,
21226601,
80068679,
96777385,
8367520,
58072708,
13035485,
75445816,
36916427,
80090733,
59199131,
52596495,
9774120,
81218997,
63282371,
59173240,
186125,
51595601,
77569219,
60531413,
81392307,
29087191,
59808995,
2200518,
99888563,
80219201,
49721439,
24081224,
46121841,
18250069,
99905172,
62280129,
25776927,
39454110,
13360211,
20532064,
14473251,
57266982,
76697136,
40767053,
98954632,
18694988,
92868429,
11144497,
88569138,
19960444,
95154018,
49476623,
46144044,
32347516,
80636028,
92497841,
5184799,
57614078,
14150361,
69042216,
86752187,
49842238,
8276030,
37469047,
62004859,
55515230,
43072489,
44924943,
62261958,
41326756,
20039399,
60605373,
87063273,
71759766,
96846708,
39233813,
83398094,
9655112,
31092305,
39877179,
12089662,
59122953,
46618816,
42853926,
72235675,
28342372,
2815533,
13062357,
26212169,
5912682,
12734176,
30148943,
3194897,
73185827,
9922907,
78711892,
28346453,
87707894,
35237677,
19225461,
47087290,
59949960,
64813798,
31862258,
61384021,
6796948,
90334379,
8269226,
93140904,
29696923,
15050106,
42053795,
68294374,
53321090,
55020080,
68460999,
82148753,
55538956,
17754537,
85735467,
29320052,
80963163,
15647482,
15119942,
91914498,
88124253,
24407668,
92644147,
2360207,
91027552,
3664743,
79679448,
9519744,
33271530,
2544880,
95039718,
48523432,
18222766,
69875909,
30530030,
32690721,
11340975,
30132542,
32318078,
28764250,
28259369,
37811338,
68365793,
35754658,
13156945,
21310826,
34734405,
33700559,
85430270,
96969433,
69954847,
12135570,
19785165,
83079751,
87928771,
66718392,
59276431,
97680763,
58652494,
95665543,
22706120,
57487505,
30502017,
42521411,
60237110,
50401689,
78474969,
46144692,
52783785,
36340873,
18551611,
36658402,
13044527,
43156893,
98391336,
23546891,
71707402,
46003951,
57957624,
1679946,
88167050,
46497052,
49515482,
57696405,
26167096,
87216102,
61525705,
86301234,
84289038,
33952573,
31533062,
71964805,
96564026,
39007247,
96175595,
47497599,
2779401,
36486669,
54636889,
270739,
84707642,
26828492,
46191018,
73585217,
88688437,
38740299,
21624794,
90396970,
6159749,
79025173,
56199920,
2419621,
24375047,
78830846,
57895353,
98011948,
57751678,
28337106,
8538143,
32578242,
7089432,
54664487,
58420277,
14047601,
74180798,
8051736,
83463363,
24080952,
64668984,
90485905,
62971454,
91055582,
87611063,
95465145,
16593694,
88167854,
39779838,
35309774,
55563615,
3825093,
97200646,
69075868,
5445605,
59512426,
9876890,
25255256,
71205723,
26323134,
46934932,
59891372,
37427197,
75572859,
20535113,
86478908,
67482233,
74894134,
79084011,
28424019,
76778136,
29303076,
35561690,
63902824,
98902255,
21304533,
29106978,
9789669,
70727545,
80032625,
75269874,
347816,
52766513,
1661441,
32536540,
88317253,
99432892,
45082579,
92826249,
41289684,
91499337,
26825546,
61403242,
35520018,
60947957,
55151182,
29934925,
13560339,
88231492,
40455895,
46711388,
58642627,
27423966,
92975959,
30579318,
3274930,
41768852,
91337862,
20733901,
12208504,
54209570,
8310017,
90097684,
13616301,
68723071,
53999438,
9957677,
91882555,
42182931,
70865662,
37861481,
55182533,
36974072,
24329416,
19313619,
49344884,
82339005,
59127817,
35223263,
69504479,
23206563,
92906933,
4354447,
3879506,
75723038,
37951565,
40694485,
80043776,
76098007,
16062017,
5528996,
80370320,
98051676,
24176439,
82707583,
92310017,
79312995,
80965288,
58376144,
9641360,
8403750,
81678,
17988084,
68846006,
16418699,
3010614,
33349350,
47925466,
49777120,
38347130,
43313459,
56691236,
41900837,
8661790,
81361048,
75748204,
42823975,
29184390,
29593077,
75579638,
48465854,
84111173,
92233317,
58208062,
70645370,
49052791,
29458063,
84230988,
10166775,
59470907,
51317943,
81989231,
82024238,
40633245,
75960220,
5362475,
51538566,
4518196,
70895504,
45030976,
93617561,
14645675,
87407504,
3780289,
15781542,
97616455,
70804354,
45160878,
54552786,
17632027,
84079849,
21824644,
57875793,
56185944,
32167088,
44221051,
13826520,
46670998,
64289216,
13359234,
74151871,
52322607,
5357530,
40252696,
23936758,
9774315,
5463608,
34567776,
77961604,
89301570,
49924744,
40180588,
44131930,
12432163,
96014648,
83809325,
62042936,
86142531,
90668370,
32259435,
67145022,
31919708,
40515443,
35774455,
31891893,
29898311,
30664442,
52437505,
84445284,
69515849,
59020640,
53392793,
36350481,
55932464,
86379722,
52761186,
50053556,
65417282,
64112281,
83376702,
63775581,
58981259,
80043068,
85742659,
58855928,
38971443,
12132975,
13564349,
73440738,
48400737,
20209050,
99768059,
44634095,
71041144,
33706540,
8343209,
67706425,
96411439,
78152393,
58022034,
9276907,
42655220,
60156416,
56832957,
34645568,
82233568,
14040381,
82457164,
78386222,
52140827,
99504386,
32122798,
94507004,
72273997,
8044746,
24666943,
91406313,
6897059,
71267014,
86353990,
9680626,
87981107,
42021313,
33664109,
7436914,
29082910,
40971164,
31750933,
74211924,
23862781,
31657046,
13008289,
8821462,
46653198,
60153298,
76924789,
51970988,
90976697,
1605307,
89483523,
48499597,
6115177,
85270953,
15430940,
11768202,
12276541,
6035399,
3107199,
68552003,
53044314,
33847831,
25686256,
16811925,
90444684,
21328137,
55657421,
69548174,
59517535,
29646730,
61982616,
47733605,
58176078,
23433272,
92037183,
16992131,
6921689,
33759473,
10633461,
96872439,
60596219,
78025067,
50037536,
24132975,
24000268,
46910023,
94529553,
28097978,
78172612,
39218516,
41416231,
96023233,
77595169,
61928075,
71376557,
2046379,
42892740,
95159841,
68942111,
14300922,
38678906,
11447807,
41468943,
70128613,
37262923,
36881920,
22029711,
8890349,
97219524,
45862523,
63320405,
74526560,
96125366,
58500708,
33488678,
12461550,
89400642,
67297100,
44740965,
170262,
18256489,
2772481,
46694670,
89737750,
34953220,
53742626,
73718478,
28425796,
77230004,
75956394,
40461769,
36929721,
76124541,
35070827,
42512939,
85539756,
33231743,
1091785,
3075322,
65986979,
70052538,
49935952,
73472197,
24463258,
64308761,
69636439,
94909263,
62123939,
95161963,
70594924,
71170113,
15525190,
64699400,
16724226,
98744420,
34803919,
64183006,
15975682,
52975308,
28532716,
59747859,
29385574,
56084322,
35824430,
99963374,
21192670,
45349612,
48957874,
27360299,
13194965,
81143013,
54395889,
18489222,
20435071,
12398220,
41212022,
32333069,
94535097,
72372404,
73417691,
75305032,
28997148,
25841461,
26030337,
1953580,
13524818,
11815684,
97540030,
23452576,
57635980,
11556825,
37361776,
90111343,
11115920,
51711788,
98114130,
73958176,
96231171,
94396305,
84982938,
8508585,
28036578,
32231749,
99780059,
5359620,
59912200,
20907283,
83396143,
32399099,
60848898,
89394532,
82321085,
44045426,
55559192,
95672372,
27103927,
20374345,
67550852,
27674334,
28080051,
21483726,
93554846,
29084390,
45575408,
32348035,
15284459,
14045823,
93246235,
69266901,
53140144,
30031759,
41419594,
43323817,
94035554,
70484443,
38866584,
73743436,
85987662,
49478694,
34908703,
16174593,
87844313,
19699415,
31807054,
79732402,
6411393,
76709241,
68056564,
51155164,
50762463,
63169191,
49703830,
32169144,
25791519,
27006175,
45875655,
51048181,
54946262,
63845366,
10917183,
69111446,
76394626,
54281580,
22086444,
38782532,
64967382,
18608105,
66857055,
86269490,
42287466,
49736975,
39533911,
91280158,
84338448,
63039621,
99458209,
89397298,
78641429,
23419208,
27991318,
25472189,
74696609,
50285280,
77318122,
45980076,
47217794,
17717070,
16502953,
92452276,
3598365,
26647318,
51559934,
23824685,
97949775,
91887206,
24042158,
66543081,
34060298,
77755399,
40693363,
8154649,
64839692,
15547118,
38501450,
75669488,
60677854,
20178890,
34614769,
75090181,
79029706,
81508680,
58069469,
44916218,
1685459,
20733781,
65680484,
6867161,
24027080,
4218270,
9466328,
79025791,
71187328,
23312836,
36715747,
33879061,
9499749,
56491901,
1387127,
38074307,
76952916,
20157067,
98016574,
41061702,
50766719,
30199788,
65016126,
16011475,
32985246,
44464301,
56958344,
56410826,
92345513,
82982243,
51269573,
28364505,
65380214,
98072299,
10320378,
2932650,
23585742,
36074136,
64760882,
51593155,
55445779,
35009895,
68418686,
65599582,
25820175,
68035229,
28833166,
41425341,
58311738,
83757012,
60615184,
22481240,
79570796,
4361111,
63142605,
80585790,
37060437,
93048459,
24981388,
95622814,
67621432,
59723061,
78603381,
48632769,
74287338,
41781762,
17128844,
84792555,
51355895,
36581126,
66794149,
99788805,
77563290,
79597646,
51413984,
35156122,
51808526,
17099110,
52850356,
90651507,
11087668,
63240558,
81881111,
88133496,
35455640,
54755996,
33080564,
91606818,
12513368,
91065750,
73254301,
30370834,
70064566,
49167094,
21265207,
77480351,
59991115,
27550361,
5501043,
93422710,
74469490,
14633382,
29425643,
48596865,
82490494,
43807016,
33326092,
46287493,
19937784,
84097363,
51978997,
6297590,
54975055,
79449892,
84170863,
31766860,
1943781,
15949285,
21018214,
91848348,
36357383,
93392955,
68720576,
39840385,
43103689,
86020479,
79391984,
22491516,
77035494,
60903382,
82835414,
30226496,
96368907,
3315865,
78803291,
43720485,
28950822,
59838276,
14453687,
26062343,
22859707,
21117101,
68605119,
86606491,
42095382,
88229451,
77036161,
8112723,
97510716,
22022550,
69339655,
76349716,
41752413,
52184197,
69081704,
90974885,
79609213,
4084538,
69868771,
47661210,
52159614,
8873500,
93141583,
34278659,
69096534,
78443530,
601991,
91153188,
9325107,
74225841,
11123497,
65684315,
61133840,
24760804,
33738828,
75391182,
48709086,
45008962,
77890169,
51893040,
71288086,
32673115,
80144574,
18578857,
74478347,
42160069,
61118540,
84586800,
52997661,
96000957,
14236935,
71888519,
43508015,
12710778,
55683065,
85890024,
69267026,
52842269,
73885607,
91198223,
49360363,
92643227,
60483772,
2826441,
74252225,
81359973,
24636333,
71448679,
64301882,
84054071,
45725789,
54949929,
11011648,
80963200,
90956049,
58219835,
98151078,
77564925,
97074277,
69798043,
10389848,
7953226,
33603221,
96550777,
48052058,
70105896,
6236224,
50564676,
89506805,
22492930,
52883889,
87784488,
16632029,
63564229,
10368590,
10077780,
20823899,
50038244,
37795428,
76797489,
86446676,
25994934,
2880443,
77053284,
54353735,
3041935,
28834837,
79436965,
42517913,
12897286,
12279628,
98691347,
40692062,
8328650,
29493580,
4302872,
22721969,
67863005,
5465507,
28215712,
88662052,
85784851,
90259023,
66917097,
46927414,
79003992,
43589330,
69579496,
17697235,
67048042,
54720311,
82179464,
22078718,
17251081,
14776869,
90647344,
67360986,
57321565,
10189754,
67528158,
87725424,
25764511,
91619239,
37487796,
35974817,
55415333,
83833680,
34867391,
93083297,
31322959,
42020599,
89573753,
21660813,
64689995,
65480655,
32884564,
64549785,
48234016,
14975639,
87702988,
63474607,
70182335,
44250838,
45771986,
94745006,
8750847,
86481108,
15562439,
14513938,
27264089,
82791862,
52558030,
66535810,
277642,
93001863,
63825297,
24360138,
74953228,
46154080,
9832346,
67195129,
32161363,
65938569,
38089739,
68541604,
77772641,
4375391,
90657517,
54100615,
56969143,
75741596,
41174679,
16886464,
18666088,
54333731,
15889025,
71160973,
94148846,
32454337,
76322952,
15382008,
40302364,
98866681,
24007914,
17918752,
66821869,
60224010,
17682658,
58490124,
1555072,
12589360,
85974855,
21627230,
88032467,
81084120,
17930712,
56830669,
64697940,
11502555,
10267337,
23546054,
92780633,
43176906,
36024696,
81701168,
19537665,
95446220,
74293588,
94529955,
58798033,
63865731,
91284312,
23299874,
83322822,
79904602,
74244681,
46693728,
60498359,
67611314,
59871565,
69567130,
65851096,
25877752,
74419226,
77705844,
32676822,
23129452,
8692720,
59872516,
16942238,
79544507,
15983429,
63121887,
1967914,
62592693,
41656118,
82939885,
86302552,
81174351,
34237764,
98544207,
97535904,
31000175,
66931336,
85382769,
14749234,
18783261,
82834834,
88078115,
36602622,
85756898,
80082187,
58662402,
59321302,
36934613,
35191970,
88607875,
57815204,
62696039,
30118505,
81148572,
56176771,
74247749,
46895031,
97889068,
10812243,
14039467,
66678320,
5779776,
61116273,
88153458,
77586745,
48135661,
84970817,
52577695,
24140636,
71536623,
2799133,
9610536,
36798291,
26150560,
52993365,
23665263,
33127196,
78080799,
48015981,
58767893,
53950140,
81120471,
72507047,
31581735,
45795062,
54142083,
25861312,
60953696,
36573525,
39671251,
56616808,
63407075,
41544376,
44910548,
28676961,
69222305,
96377889,
73975676,
8676478,
45910206,
12303537,
15788948,
26885156,
69893964,
12903539,
97347506,
74208048,
60585095,
33972372,
84566711,
71548364,
22202620,
20448920,
23189921,
56213975,
59228619,
18016188,
7040062,
44502182,
70638927,
35708047,
1170383,
77899270,
40843503,
62026691,
14378064,
98127081,
15795355,
57321214,
36350903,
26288393,
32699180,
20453306,
23179237,
89545526,
8040376,
35282149,
56974171,
88887441,
25682177,
87277430,
77219808,
40486108,
28169827,
96524941,
48599614,
94459240,
38792306,
19657360,
6826517,
73217991,
68732894,
93521831,
5922414,
52289043,
92845410,
41077345,
88420049,
9415719,
31928314,
29595879,
38433129,
96638982,
22853024,
65379771,
11325131,
32517693,
20387403,
7642542,
364943,
85857604,
57471522,
27605390,
8467660,
15480493,
83517929,
59757804,
29524470,
98273609,
46140550,
96703306,
37360622,
93588746,
58359114,
91928761,
72841948,
77883978,
74138576,
87503053,
88792349,
599214,
72504909,
59482929,
77732096,
70164529,
84358496,
97734194,
40184631,
26483968,
24599069,
60520197,
57904332,
24226353,
42773100,
3814708,
13917384,
72119075,
83011565,
50448485,
94850185,
95309953,
84964214,
20229941,
74560625,
92416157,
10254346,
23421091,
97443733,
19945229,
85484083,
57389023,
25701353,
13024554,
40023315,
42514040,
45774870,
63204078,
49879463,
59792563,
54213805,
60849144,
25466810,
35339650,
16106254,
42692820,
4200633,
2313815,
58759707,
61585463,
95814624,
58684535,
93217908,
81938801,
75657101,
41548858,
70627269,
65601723,
24961883,
19349186,
50437405,
14057680,
26683479,
26973950,
29006412,
46285920,
17880925,
13892749,
74971618,
13640099,
6964297,
2748409,
17288153,
98209447,
91889766,
99656767,
5375362,
71090110,
77199996,
19469053,
53207109,
4120239,
96176164,
79962843,
61490261,
48383185,
76600577,
14627738,
98110449,
83778673,
94299627,
78436081,
56146153,
98454933,
34694521,
98201214,
15829463,
13272507,
76251993,
89853617,
62730924,
94560080,
50005999,
32325645,
50171942,
35443354,
35270811,
64853709,
11199287,
2575250,
41648663,
70219402,
65957289,
12203470,
85579112,
11889016,
16468511,
1167387,
11339812,
7920872,
48741448,
30223353,
15610275,
1810553,
53047613,
48607136,
73331087,
24183909,
41152853,
24604581,
75105317,
38109881,
60576794,
77372808,
28784463,
23542709,
95097963,
90062539,
9245676,
57160323,
86980475,
74758107,
68976923,
93124907,
91419848,
56031245,
84006113,
13662184,
11802223,
82992616,
7558708,
46081142,
64649150,
22202555,
54050794,
69378215,
85352780,
31526436,
42095357,
89633217,
22749051,
25004977,
44480495,
2188279,
40954540,
85338934,
53041063,
63757474,
55143777,
36522129,
23638110,
39232043,
76680422,
6222803,
42680425,
15904978,
80135676,
10399724,
72355711,
10459406,
74163737,
71558209,
5044049,
46682599,
35918456,
3579474,
44420917,
99813528,
51896528,
16362752,
77179406,
81586941,
467884,
61637513,
99852657,
1148423,
98114435,
97195074,
21159591,
21909264,
99862908,
76710382,
52268167,
16474252,
70690714,
30017615,
86976953,
88308056,
50917667,
17461771,
83283381,
75857220,
76694526,
89325181,
26077249,
28157668,
21195456,
11460475,
63168632,
95565122,
57425482,
69209749,
5307468,
58093414,
55680589,
27999663,
39101494,
66949306,
84219671,
39993085,
89738311,
30027962,
91731808,
89947218,
58113980,
6854770,
53201358,
34436649,
81874766,
47178282,
57337146,
90936664,
44204207,
77456482,
54320792,
51127166,
94854737,
93307776,
90684258,
77529918,
49783235,
68485953,
93597251,
33298030,
3494446,
94804906,
61270823,
5007859,
8010241,
62481790,
22835093,
72639617,
41370068,
1249796,
10147080,
79085913,
2753916,
42690957,
4149049,
33385493,
25770218,
95240894,
8595533,
85468719,
87121707,
37138963,
47888935,
64504529,
95235623,
74132398,
43374264,
16334171,
92821868,
10772755,
53562206,
47451445,
66890132,
17478828,
17123905,
17483904,
83554669,
85524948,
64583800,
29264148,
44691064,
39116372,
41709663,
75781077,
82349888,
79607508,
47488440,
10867215,
39613499,
18450757,
12759662,
69922907,
64718347,
59982199,
51826076,
837324,
55272919,
97495395,
692792,
53450026,
81824830,
1350546,
12347970,
80676221,
34835499,
57227609,
21837670,
61046063,
33513356,
74078683,
86231027,
82330162,
13361636,
66620608,
64179278,
72253281,
80930146,
81943652,
76966,
65080382,
23588989,
29220509,
26722895,
38025635,
92007217,
78675278,
25628403,
95629724,
28120091,
39110574,
5496554,
59004046,
65838682,
14474101,
